"weight";"word";"color";"url"
"1417";"the";"";""
"1019";"be";"";""
"890";"and";"";""
"870";"a";"";""
"712";"to";"";""
"619";"of";"";""
"575";"it";"";""
"436";"not";"";""
"363";"in";"";""
"345";"that";"";""
"338";"for";"";""
"331";"is";"";""
"318";"I";"";""
"308";"was";"";""
"287";"i";"";""
"285";"have";"";""
"243";"thi";"";""
"232";"this";"";""
"227";"with";"";""
"215";"on";"";""
"213";"my";"";""
"204";"bad";"";""
"193";"you";"";""
"181";"but";"";""
"162";"at";"";""
"140";"phone";"";""
"136";"like";"";""
"135";"so";"";""
"130";"time";"";""
"126";"all";"";""
"125";"film";"";""
"125";"just";"";""
"117";"one";"";""
"110";"good";"";""
"108";"go";"";""
"108";"place";"";""
"107";"food";"";""
"107";"get";"";""
"107";"movi";"";""
"107";"would";"";""
"105";"from";"";""
"104";"as";"";""
"103";"do";"";""
"103";"or";"";""
"101";"no";"";""
"99";"0,the";"";""
"98";"your";"";""
"94";"there";"";""
"92";"make";"";""
"92";"movie";"";""
"92";"out";"";""
"87";"work";"";""
"86";"about";"";""
"81";"ever";"";""
"81";"me";"";""
"80";"an";"";""
"80";"even";"";""
"78";"The";"";""
"77";"back";"";""
"76";"are";"";""
"76";"they";"";""
"76";"veri";"";""
"72";"up";"";""
"71";"too";"";""
"71";"very";"";""
"70";"how";"";""
"70";"if";"";""
"68";"by";"";""
"68";"could";"";""
"68";"here";"";""
"68";"much";"";""
"67";"will";"";""
"66";"than";"";""
"65";"had";"";""
"62";"can";"";""
"62";"more";"";""
"62";"use";"";""
"61";"we";"";""
"59";"never";"";""
"58";"see";"";""
"57";"when";"";""
"56";"think";"";""
"56";"which";"";""
"55";"onli";"";""
"55";"thing";"";""
"54";"some";"";""
"53";"dont";"";""
"52";"0,i";"";""
"52";"only";"";""
"51";"look";"";""
"51";"way";"";""
"50";"servic";"";""
"49";"well";"";""
"48";"were";"";""
"47";"disappoint";"";""
"47";"other";"";""
"46";"after";"";""
"46";"say";"";""
"46";"them";"";""
"45";"also";"";""
"45";"don't";"";""
"45";"enough";"";""
"45";"he";"";""
"45";"off";"";""
"45";"plot";"";""
"44";"money";"";""
"44";"realli";"";""
"43";"come";"";""
"43";"our";"";""
"43";"who";"";""
"42";"first";"";""
"42";"really";"";""
"42";"wast";"";""
"42";"what";"";""
"41";"know";"";""
"41";"script";"";""
"39";"buy";"";""
"39";"take";"";""
"39";"then";"";""
"37";"0,it";"";""
"36";"few";"";""
"36";"most";"";""
"36";"product";"";""
"36";"recommend";"";""
"36";"wait";"";""
"35";"over";"";""
"35";"stupid";"";""
"34";"again";"";""
"34";"didn't";"";""
"34";"didnt";"";""
"34";"into";"";""
"34";"sound";"";""
"34";"still";"";""
"34";"their";"";""
"34";"two";"";""
"34";"watch";"";""
"33";"0,thi";"";""
"33";"becaus";"";""
"33";"because";"";""
"33";"give";"";""
"32";"eat";"";""
"32";"minut";"";""
"32";"real";"";""
"31";"now";"";""
"31";"poor";"";""
"31";"service";"";""
"31";"slow";"";""
"31";"suck";"";""
"31";"want";"";""
"30";"act";"";""
"30";"ear";"";""
"29";"has";"";""
"29";"hour";"";""
"29";"qualiti";"";""
"29";"these";"";""
"28";"call";"";""
"28";"find";"";""
"28";"headset";"";""
"28";"scene";"";""
"28";"should";"";""
"28";"terribl";"";""
"28";"waste";"";""
"27";"ani";"";""
"27";"any";"";""
"27";"around";"";""
"27";"old";"";""
"26";"acting";"";""
"26";"cheap";"";""
"26";"did";"";""
"26";"line";"";""
"26";"long";"";""
"26";"worst";"";""
"25";"been";"";""
"25";"expect";"";""
"25";"feel";"";""
"25";"her";"";""
"25";"It";"";""
"25";"minutes";"";""
"25";"new";"";""
"25";"show";"";""
"25";"talk";"";""
"24";"charger";"";""
"24";"got";"";""
"24";"hear";"";""
"24";"it's";"";""
"24";"made";"";""
"24";"problem";"";""
"24";"right";"";""
"24";"same";"";""
"24";"This";"";""
"23";"bit";"";""
"23";"break";"";""
"23";"return";"";""
"23";"sure";"";""
"22";"better";"";""
"22";"case";"";""
"22";"far";"";""
"22";"going";"";""
"22";"while";"";""
"22";"worth";"";""
"21";"best";"";""
"21";"big";"";""
"21";"charact";"";""
"21";"down";"";""
"21";"end";"";""
"21";"last";"";""
"21";"life";"";""
"21";"piec";"";""
"21";"plug";"";""
"21";"quality";"";""
"21";"where";"";""
"20";"between";"";""
"20";"felt";"";""
"20";"keep";"";""
"20";"kind";"";""
"20";"least";"";""
"20";"littl";"";""
"20";"little";"";""
"20";"she";"";""
"20";"turn";"";""
"19";"am";"";""
"19";"batteri";"";""
"19";"being";"";""
"19";"bland";"";""
"19";"bore";"";""
"19";"car";"";""
"19";"crap";"";""
"19";"great";"";""
"19";"hard";"";""
"19";"I've";"";""
"19";"If";"";""
"19";"mess";"";""
"19";"order";"";""
"19";"terrible";"";""
"19";"tri";"";""
"19";"wasn't";"";""
"19";"wasnt";"";""
"19";"write";"";""
"18";"aw";"";""
"18";"cant";"";""
"18";"day";"";""
"18";"hi";"";""
"18";"ive";"";""
"18";"lack";"";""
"18";"lot";"";""
"18";"low";"";""
"18";"next";"";""
"18";"noth";"";""
"18";"pay";"";""
"18";"piece";"";""
"18";"put";"";""
"18";"screen";"";""
"18";"start";"";""
"18";"such";"";""
"18";"those";"";""
"18";"year";"";""
"17";"avoid";"";""
"17";"burger";"";""
"17";"charg";"";""
"17";"experi";"";""
"17";"item";"";""
"17";"its";"";""
"17";"seen";"";""
"17";"star";"";""
"17";"stori";"";""
"17";"unit";"";""
"16";"0,but";"";""
"16";"0,there";"";""
"16";"almost";"";""
"16";"away";"";""
"16";"battery";"";""
"16";"came";"";""
"16";"can't";"";""
"16";"disappointed";"";""
"16";"doesnt";"";""
"16";"drop";"";""
"16";"half";"";""
"16";"hate";"";""
"16";"his";"";""
"16";"I'm";"";""
"16";"may";"";""
"16";"night";"";""
"16";"story";"";""
"16";"tell";"";""
"16";"whole";"";""
"15";"black";"";""
"15";"chicken";"";""
"15";"does";"";""
"15";"doesn't";"";""
"15";"either";"";""
"15";"fail";"";""
"15";"flavor";"";""
"15";"guess";"";""
"15";"horribl";"";""
"15";"im";"";""
"15";"let";"";""
"15";"mean";"";""
"15";"need";"";""
"15";"nothing";"";""
"15";"part";"";""
"15";"review";"";""
"15";"seem";"";""
"15";"stay";"";""
"15";"total";"";""
"15";"u";"";""
"15";"understand";"";""
"15";"weak";"";""
"14";"befor";"";""
"14";"bring";"";""
"14";"care";"";""
"14";"complet";"";""
"14";"music";"";""
"14";"probabl";"";""
"14";"probably";"";""
"14";"rather";"";""
"14";"salad";"";""
"14";"soon";"";""
"14";"times";"";""
"14";"won't";"";""
"14";"wont";"";""
"14";"word";"";""
"13";"action";"";""
"13";"anyon";"";""
"13";"awful";"";""
"13";"before";"";""
"13";"direct";"";""
"13";"horrible";"";""
"13";"impress";"";""
"13";"leav";"";""
"13";"movies";"";""
"13";"peopl";"";""
"13";"pretti";"";""
"13";"pretty";"";""
"13";"quit";"";""
"13";"rude";"";""
"13";"small";"";""
"13";"sushi";"";""
"13";"totally";"";""
"13";"week";"";""
"12";"anoth";"";""
"12";"another";"";""
"12";"both";"";""
"12";"bother";"";""
"12";"characters";"";""
"12";"cold";"";""
"12";"custom";"";""
"12";"design";"";""
"12";"difficult";"";""
"12";"fit";"";""
"12";"happen";"";""
"12";"junk";"";""
"12";"mani";"";""
"12";"meal";"";""
"12";"meat";"";""
"12";"reason";"";""
"12";"scenes";"";""
"12";"server";"";""
"12";"set";"";""
"12";"sick";"";""
"12";"used";"";""
"12";"wrong";"";""
"12";"zero";"";""
"11";"A";"";""
"11";"anyth";"";""
"11";"bought";"";""
"11";"But";"";""
"11";"couldnt";"";""
"11";"deal";"";""
"11";"human";"";""
"11";"idea";"";""
"11";"joke";"";""
"11";"live";"";""
"11";"lose";"";""
"11";"manag";"";""
"11";"many";"";""
"11";"pictur";"";""
"11";"quite";"";""
"11";"restaur";"";""
"11";"said";"";""
"11";"side";"";""
"11";"tast";"";""
"11";"though";"";""
"11";"went";"";""
"11";"worse";"";""
"10";"actor";"";""
"10";"area";"";""
"10";"ask";"";""
"10";"bare";"";""
"10";"beyond";"";""
"10";"camera";"";""
"10";"check";"";""
"10";"completely";"";""
"10";"cost";"";""
"10";"damn";"";""
"10";"dialogu";"";""
"10";"dialogue";"";""
"10";"dish";"";""
"10";"each";"";""
"10";"enjoy";"";""
"10";"everi";"";""
"10";"every";"";""
"10";"experience";"";""
"10";"films";"";""
"10";"found";"";""
"10";"fri";"";""
"10";"front";"";""
"10";"full";"";""
"10";"high";"";""
"10";"hold";"";""
"10";"huge";"";""
"10";"itself";"";""
"10";"less";"";""
"10";"love";"";""
"10";"lunch";"";""
"10";"mediocr";"";""
"10";"might";"";""
"10";"must";"";""
"10";"NOT";"";""
"10";"Not";"";""
"10";"people";"";""
"10";"pizza";"";""
"10";"plain";"";""
"10";"player";"";""
"10";"price";"";""
"10";"second";"";""
"10";"special";"";""
"10";"started";"";""
"10";"tabl";"";""
"10";"three";"";""
"10";"through";"";""
"10";"unless";"";""
"10";"useless";"";""
"10";"watching";"";""
"10";"within";"";""
"10";"without";"";""
"10";"writing";"";""
"9";"0,and";"";""
"9";"absolut";"";""
"9";"absolutely";"";""
"9";"anyone";"";""
"9";"anything";"";""
"9";"barely";"";""
"9";"busi";"";""
"9";"button";"";""
"9";"calls";"";""
"9";"character";"";""
"9";"charge";"";""
"9";"color";"";""
"9";"coming";"";""
"9";"couldn't";"";""
"9";"cover";"";""
"9";"extrem";"";""
"9";"face";"";""
"9";"flaw";"";""
"9";"flick";"";""
"9";"home";"";""
"9";"horror";"";""
"9";"hot";"";""
"9";"hours";"";""
"9";"However";"";""
"9";"imagin";"";""
"9";"insult";"";""
"9";"later";"";""
"9";"play";"";""
"9";"predict";"";""
"9";"pull";"";""
"9";"rate";"";""
"9";"receiv";"";""
"9";"serious";"";""
"9";"sever";"";""
"9";"short";"";""
"9";"sinc";"";""
"9";"style";"";""
"9";"sucked";"";""
"9";"sucks";"";""
"9";"things";"";""
"9";"thought";"";""
"9";"took";"";""
"9";"top";"";""
"9";"trash";"";""
"9";"us";"";""
"9";"worked";"";""
"9";"wouldnt";"";""
"8";"0,if";"";""
"8";"0,not";"";""
"8";"although";"";""
"8";"averag";"";""
"8";"bar";"";""
"8";"believ";"";""
"8";"below";"";""
"8";"cast";"";""
"8";"cell";"";""
"8";"customer";"";""
"8";"definit";"";""
"8";"definitely";"";""
"8";"depth";"";""
"8";"dri";"";""
"8";"drive";"";""
"8";"extremely";"";""
"8";"fact";"";""
"8";"fast";"";""
"8";"final";"";""
"8";"fish";"";""
"8";"girl";"";""
"8";"help";"";""
"8";"I'd";"";""
"8";"impressed";"";""
"8";"lame";"";""
"8";"light";"";""
"8";"looks";"";""
"8";"lost";"";""
"8";"loud";"";""
"8";"man";"";""
"8";"mediocre";"";""
"8";"mind";"";""
"8";"month";"";""
"8";"none";"";""
"8";"ordered";"";""
"8";"particular";"";""
"8";"point";"";""
"8";"purchas";"";""
"8";"rare";"";""
"8";"rest";"";""
"8";"simpli";"";""
"8";"simply";"";""
"8";"since";"";""
"8";"sit";"";""
"8";"staff";"";""
"8";"store";"";""
"8";"throughout";"";""
"8";"Unfortunately";"";""
"8";"volum";"";""
"8";"warm";"";""
"8";"wasted";"";""
"8";"watched";"";""
"8";"whether";"";""
"8";"yourself";"";""
"7";"0,a";"";""
"7";"0,im";"";""
"7";"actors";"";""
"7";"alway";"";""
"7";"always";"";""
"7";"audio";"";""
"7";"average";"";""
"7";"basic";"";""
"7";"beep";"";""
"7";"believe";"";""
"7";"bluetooth";"";""
"7";"boring";"";""
"7";"cannot";"";""
"7";"close";"";""
"7";"compani";"";""
"7";"directing";"";""
"7";"director";"";""
"7";"disgust";"";""
"7";"drain";"";""
"7";"effect";"";""
"7";"els";"";""
"7";"everyon";"";""
"7";"fails";"";""
"7";"feeling";"";""
"7";"flat";"";""
"7";"follow";"";""
"7";"forget";"";""
"7";"getting";"";""
"7";"id";"";""
"7";"In";"";""
"7";"interest";"";""
"7";"kept";"";""
"7";"mention";"";""
"7";"mistak";"";""
"7";"motorola";"";""
"7";"myself";"";""
"7";"own";"";""
"7";"pair";"";""
"7";"period";"";""
"7";"person";"";""
"7";"picture";"";""
"7";"plan";"";""
"7";"plastic";"";""
"7";"possibl";"";""
"7";"predictable";"";""
"7";"problems";"";""
"7";"ridicul";"";""
"7";"sad";"";""
"7";"send";"";""
"7";"signal";"";""
"7";"smell";"";""
"7";"try";"";""
"7";"waiter";"";""
"7";"wouldn't";"";""
"6";"0,even";"";""
"6";"0,in";"";""
"6";"0,veri";"";""
"6";"actual";"";""
"6";"annoy";"";""
"6";"annoying";"";""
"6";"arriv";"";""
"6";"attempt";"";""
"6";"broke";"";""
"6";"buffet";"";""
"6";"caus";"";""
"6";"certainli";"";""
"6";"certainly";"";""
"6";"chip";"";""
"6";"contact";"";""
"6";"contain";"";""
"6";"cook";"";""
"6";"death";"";""
"6";"decent";"";""
"6";"differ";"";""
"6";"dinner";"";""
"6";"doubt";"";""
"6";"drama";"";""
"6";"easili";"";""
"6";"else";"";""
"6";"elsewher";"";""
"6";"embarrass";"";""
"6";"entir";"";""
"6";"especi";"";""
"6";"especially";"";""
"6";"establish";"";""
"6";"Even";"";""
"6";"everyone";"";""
"6";"extra";"";""
"6";"fall";"";""
"6";"fan";"";""
"6";"fear";"";""
"6";"fresh";"";""
"6";"friend";"";""
"6";"garbag";"";""
"6";"garbage";"";""
"6";"guy";"";""
"6";"having";"";""
"6";"heart";"";""
"6";"hole";"";""
"6";"holes";"";""
"6";"husband";"";""
"6";"intellig";"";""
"6";"involv";"";""
"6";"isn't";"";""
"6";"isnt";"";""
"6";"It's";"";""
"6";"killer";"";""
"6";"lead";"";""
"6";"left";"";""
"6";"lines";"";""
"6";"liter";"";""
"6";"locat";"";""
"6";"lock";"";""
"6";"looking";"";""
"6";"makes";"";""
"6";"menu";"";""
"6";"My";"";""
"6";"neither";"";""
"6";"nokia";"";""
"6";"note";"";""
"6";"number";"";""
"6";"oh";"";""
"6";"ok";"";""
"6";"origin";"";""
"6";"overpric";"";""
"6";"quiet";"";""
"6";"racial";"";""
"6";"recent";"";""
"6";"room";"";""
"6";"salt";"";""
"6";"sandwich";"";""
"6";"saw";"";""
"6";"seat";"";""
"6";"serv";"";""
"6";"several";"";""
"6";"shrimp";"";""
"6";"soup";"";""
"6";"space";"";""
"6";"steak";"";""
"6";"strong";"";""
"6";"super";"";""
"6";"support";"";""
"6";"tasteless";"";""
"6";"Then";"";""
"6";"trying";"";""
"6";"under";"";""
"6";"vega";"";""
"6";"vomit";"";""
"6";"waited";"";""
"6";"waitress";"";""
"6";"walk";"";""
"6";"wall";"";""
"6";"water";"";""
"6";"whatsoev";"";""
"6";"whi";"";""
"6";"wife";"";""
"6";"wish";"";""
"6";"wooden";"";""
"5";"0,avoid";"";""
"5";"0,everyth";"";""
"5";"0,he";"";""
"5";"0,one";"";""
"5";"accept";"";""
"5";"Also";"";""
"5";"anytim";"";""
"5";"anytime";"";""
"5";"aren't";"";""
"5";"arent";"";""
"5";"As";"";""
"5";"asked";"";""
"5";"Bad";"";""
"5";"basically";"";""
"5";"bathroom";"";""
"5";"begin";"";""
"5";"bill";"";""
"5";"blow";"";""
"5";"book";"";""
"5";"business";"";""
"5";"chang";"";""
"5";"clip";"";""
"5";"company";"";""
"5";"complain";"";""
"5";"complaint";"";""
"5";"connect";"";""
"5";"consid";"";""
"5";"costs";"";""
"5";"coupl";"";""
"5";"couple";"";""
"5";"dead";"";""
"5";"die";"";""
"5";"different";"";""
"5";"dirti";"";""
"5";"dishes";"";""
"5";"done";"";""
"5";"dropped";"";""
"5";"dumb";"";""
"5";"easi";"";""
"5";"eating";"";""
"5";"embarrassing";"";""
"5";"empti";"";""
"5";"etc";"";""
"5";"everyth";"";""
"5";"expected";"";""
"5";"five";"";""
"5";"For";"";""
"5";"fries";"";""
"5";"game";"";""
"5";"green";"";""
"5";"hair";"";""
"5";"hand";"";""
"5";"happened";"";""
"5";"hat";"";""
"5";"He";"";""
"5";"head";"";""
"5";"honest";"";""
"5";"indoor";"";""
"5";"instruct";"";""
"5";"involved";"";""
"5";"job";"";""
"5";"kid";"";""
"5";"kill";"";""
"5";"lacked";"";""
"5";"lacks";"";""
"5";"level";"";""
"5";"list";"";""
"5";"literally";"";""
"5";"longer";"";""
"5";"match";"";""
"5";"min";"";""
"5";"months";"";""
"5";"network";"";""
"5";"NEVER";"";""
"5";"nice";"";""
"5";"offer";"";""
"5";"onc";"";""
"5";"pathet";"";""
"5";"pathetic";"";""
"5";"perform";"";""
"5";"poorli";"";""
"5";"poorly";"";""
"5";"potato";"";""
"5";"push";"";""
"5";"read";"";""
"5";"received";"";""
"5";"recept";"";""
"5";"refund";"";""
"5";"rent";"";""
"5";"replac";"";""
"5";"result";"";""
"5";"rice";"";""
"5";"ridiculous";"";""
"5";"sashimi";"";""
"5";"seemed";"";""
"5";"shame";"";""
"5";"shot";"";""
"5";"smoke";"";""
"5";"someon";"";""
"5";"someone";"";""
"5";"spend";"";""
"5";"stand";"";""
"5";"stars";"";""
"5";"stomach";"";""
"5";"suspens";"";""
"5";"switch";"";""
"5";"talent";"";""
"5";"There";"";""
"5";"there's";"";""
"5";"tortur";"";""
"5";"visual";"";""
"5";"volume";"";""
"5";"waiting";"";""
"5";"wear";"";""
"5";"When";"";""
"5";"why";"";""
"5";"wire";"";""
"5";"world";"";""
"5";"worthless";"";""
"4";"0,all";"";""
"4";"0,so";"";""
"4";"0,to";"";""
"4";"0,unfortun";"";""
"4";"0,what";"";""
"4";"0,you";"";""
"4";"abov";"";""
"4";"above";"";""
"4";"actress";"";""
"4";"actually";"";""
"4";"After";"";""
"4";"again.,0,i";"";""
"4";"ago";"";""
"4";"All";"";""
"4";"allow";"";""
"4";"along";"";""
"4";"amount";"";""
"4";"And";"";""
"4";"art";"";""
"4";"asleep";"";""
"4";"At";"";""
"4";"ate";"";""
"4";"batter";"";""
"4";"beat";"";""
"4";"becom";"";""
"4";"beef";"";""
"4";"behind";"";""
"4";"bite";"";""
"4";"boba";"";""
"4";"bored";"";""
"4";"box";"";""
"4";"brain";"";""
"4";"breakfast";"";""
"4";"budget";"";""
"4";"bug";"";""
"4";"bunch";"";""
"4";"buttons";"";""
"4";"buying";"";""
"4";"bye";"";""
"4";"card";"";""
"4";"cardboard";"";""
"4";"certain";"";""
"4";"charcoal";"";""
"4";"charm";"";""
"4";"chick";"";""
"4";"chips";"";""
"4";"cingular";"";""
"4";"clean";"";""
"4";"clear";"";""
"4";"clearli";"";""
"4";"clever";"";""
"4";"comes";"";""
"4";"comput";"";""
"4";"conflict";"";""
"4";"construct";"";""
"4";"continu";"";""
"4";"contract";"";""
"4";"convers";"";""
"4";"core";"";""
"4";"correct";"";""
"4";"cours";"";""
"4";"course";"";""
"4";"crab";"";""
"4";"crowd";"";""
"4";"current";"";""
"4";"cut";"";""
"4";"days";"";""
"4";"describ";"";""
"4";"dine";"";""
"4";"dining";"";""
"4";"direction";"";""
"4";"dirty";"";""
"4";"disappointing";"";""
"4";"disappointment";"";""
"4";"disbelief";"";""
"4";"dislik";"";""
"4";"dog";"";""
"4";"dollar";"";""
"4";"drag";"";""
"4";"drink";"";""
"4";"dull";"";""
"4";"earpiec";"";""
"4";"earth";"";""
"4";"easy";"";""
"4";"effects";"";""
"4";"ended";"";""
"4";"everything";"";""
"4";"except";"";""
"4";"excus";"";""
"4";"fare";"";""
"4";"fat";"";""
"4";"favor";"";""
"4";"featur";"";""
"4";"fifteen";"";""
"4";"flip";"";""
"4";"foot";"";""
"4";"forc";"";""
"4";"forev";"";""
"4";"forth";"";""
"4";"free";"";""
"4";"freedom";"";""
"4";"friendli";"";""
"4";"frozen";"";""
"4";"gave";"";""
"4";"gets";"";""
"4";"given";"";""
"4";"glad";"";""
"4";"gross";"";""
"4";"headphon";"";""
"4";"headphones";"";""
"4";"hell";"";""
"4";"helpful";"";""
"4";"him";"";""
"4";"hit";"";""
"4";"hollow";"";""
"4";"hurt";"";""
"4";"I'll";"";""
"4";"improv";"";""
"4";"instead";"";""
"4";"intelligence";"";""
"4";"location";"";""
"4";"looked";"";""
"4";"mad";"";""
"4";"maintain";"";""
"4";"mid";"";""
"4";"mistake";"";""
"4";"move";"";""
"4";"needed";"";""
"4";"neg";"";""
"4";"NO";"";""
"4";"Nokia";"";""
"4";"obvious";"";""
"4";"odd";"";""
"4";"often";"";""
"4";"OK";"";""
"4";"once";"";""
"4";"open";"";""
"4";"owner";"";""
"4";"pace";"";""
"4";"par";"";""
"4";"pasta";"";""
"4";"pile";"";""
"4";"pleasant";"";""
"4";"pointless";"";""
"4";"possible";"";""
"4";"pretenti";"";""
"4";"pretentious";"";""
"4";"produc";"";""
"4";"puppet";"";""
"4";"pure";"";""
"4";"recently";"";""
"4";"reception";"";""
"4";"red";"";""
"4";"relationship";"";""
"4";"restaurant";"";""
"4";"ring";"";""
"4";"row";"";""
"4";"run";"";""
"4";"ruthless";"";""
"4";"sake";"";""
"4";"sauc";"";""
"4";"save";"";""
"4";"says";"";""
"4";"sens";"";""
"4";"seri";"";""
"4";"series";"";""
"4";"seriously";"";""
"4";"served";"";""
"4";"servers";"";""
"4";"share";"";""
"4";"shower";"";""
"4";"sign";"";""
"4";"six";"";""
"4";"skip";"";""
"4";"sleep";"";""
"4";"softwar";"";""
"4";"software";"";""
"4";"somehow";"";""
"4";"someth";"";""
"4";"sometim";"";""
"4";"sometimes";"";""
"4";"speak";"";""
"4";"spent";"";""
"4";"spring";"";""
"4";"starts";"";""
"4";"stop";"";""
"4";"storylin";"";""
"4";"sum";"";""
"4";"suspense";"";""
"4";"tables";"";""
"4";"taste";"";""
"4";"tea";"";""
"4";"tech";"";""
"4";"ten";"";""
"4";"tension";"";""
"4";"they're";"";""
"4";"theyr";"";""
"4";"thin";"";""
"4";"third";"";""
"4";"throw";"";""
"4";"tip";"";""
"4";"To";"";""
"4";"togeth";"";""
"4";"together";"";""
"4";"tone";"";""
"4";"torture";"";""
"4";"touch";"";""
"4";"toward";"";""
"4";"towards";"";""
"4";"tried";"";""
"4";"trip";"";""
"4";"turned";"";""
"4";"twice";"";""
"4";"unbeliev";"";""
"4";"unbelievable";"";""
"4";"user";"";""
"4";"using";"";""
"4";"valu";"";""
"4";"version";"";""
"4";"VERY";"";""
"4";"Very";"";""
"4";"volcano";"";""
"4";"walked";"";""
"4";"wanted";"";""
"4";"warn";"";""
"4";"wash";"";""
"4";"wasting";"";""
"4";"wave";"";""
"4";"weird";"";""
"4";"whine";"";""
"4";"white";"";""
"4";"whom";"";""
"4";"wine";"";""
"4";"wonder";"";""
"4";"works";"";""
"4";"years";"";""
"4";"yet";"";""
"4";"yum";"";""
"3";"0,about";"";""
"3";"0,at";"";""
"3";"0,bad";"";""
"3";"0,howev";"";""
"3";"0,now";"";""
"3";"0,that";"";""
"3";"0,then";"";""
"3";"addit";"";""
"3";"ALL";"";""
"3";"amaz";"";""
"3";"amazing";"";""
"3";"amazon";"";""
"3";"angel";"";""
"3";"Angeles";"";""
"3";"apart";"";""
"3";"appal";"";""
"3";"appalling";"";""
"3";"arrived";"";""
"3";"aspect";"";""
"3";"attent";"";""
"3";"back.,0,i";"";""
"3";"back.,0,we";"";""
"3";"BAD";"";""
"3";"balanc";"";""
"3";"ball";"";""
"3";"bars";"";""
"3";"belt";"";""
"3";"best.,0,the";"";""
"3";"blah";"";""
"3";"bottom";"";""
"3";"breaks";"";""
"3";"build";"";""
"3";"cabl";"";""
"3";"cable";"";""
"3";"camerawork";"";""
"3";"cause";"";""
"3";"changing";"";""
"3";"charging";"";""
"3";"checked";"";""
"3";"cheesi";"";""
"3";"classic";"";""
"3";"clearly";"";""
"3";"cliché";"";""
"3";"clichés";"";""
"3";"comfort";"";""
"3";"comfortable";"";""
"3";"complete";"";""
"3";"computer";"";""
"3";"concept";"";""
"3";"connection";"";""
"3";"consider";"";""
"3";"considering";"";""
"3";"conversations";"";""
"3";"cool";"";""
"3";"Cover";"";""
"3";"coverag";"";""
"3";"coverage";"";""
"3";"creat";"";""
"3";"deep";"";""
"3";"defect";"";""
"3";"deliv";"";""
"3";"describe";"";""
"3";"descript";"";""
"3";"deserv";"";""
"3";"devic";"";""
"3";"dialog";"";""
"3";"disgrac";"";""
"3";"DO";"";""
"3";"Don't";"";""
"3";"door";"";""
"3";"drift";"";""
"3";"dry";"";""
"3";"dure";"";""
"3";"during";"";""
"3";"ear.,0,the";"";""
"3";"earbud";"";""
"3";"earli";"";""
"3";"ed";"";""
"3";"edibl";"";""
"3";"edit";"";""
"3";"editing";"";""
"3";"effort";"";""
"3";"egg";"";""
"3";"elsewhere";"";""
"3";"emot";"";""
"3";"empty";"";""
"3";"energi";"";""
"3";"energy";"";""
"3";"entire";"";""
"3";"EVER";"";""
"3";"exampl";"";""
"3";"example";"";""
"3";"explain";"";""
"3";"fairli";"";""
"3";"fairly";"";""
"3";"feature";"";""
"3";"fill";"";""
"3";"finally";"";""
"3";"finish";"";""
"3";"flavorless";"";""
"3";"flawed";"";""
"3";"fli";"";""
"3";"focu";"";""
"3";"forced";"";""
"3";"fried";"";""
"3";"friendly";"";""
"3";"frustrat";"";""
"3";"funni";"";""
"3";"funny";"";""
"3";"gener";"";""
"3";"Girl";"";""
"3";"girlfriend";"";""
"3";"god";"";""
"3";"goes";"";""
"3";"gon";"";""
"3";"gonna";"";""
"3";"gotten";"";""
"3";"grill";"";""
"3";"gyro";"";""
"3";"handl";"";""
"3";"headsets";"";""
"3";"heard";"";""
"3";"here.,0,dont";"";""
"3";"holster";"";""
"3";"honestli";"";""
"3";"honestly";"";""
"3";"hop";"";""
"3";"hope";"";""
"3";"hous";"";""
"3";"idiot";"";""
"3";"ill";"";""
"3";"imagination";"";""
"3";"imagine";"";""
"3";"immedi";"";""
"3";"import";"";""
"3";"important";"";""
"3";"inch";"";""
"3";"includ";"";""
"3";"incred";"";""
"3";"incredibly";"";""
"3";"instructions";"";""
"3";"internet";"";""
"3";"it.,0,it";"";""
"3";"judg";"";""
"3";"keypad";"";""
"3";"kids";"";""
"3";"kitchen";"";""
"3";"larg";"";""
"3";"lasts";"";""
"3";"laugh";"";""
"3";"laughabl";"";""
"3";"laughable";"";""
"3";"leave";"";""
"3";"lo";"";""
"3";"loos";"";""
"3";"Los";"";""
"3";"lover";"";""
"3";"luck";"";""
"3";"lukewarm";"";""
"3";"main";"";""
"3";"major";"";""
"3";"making";"";""
"3";"managed";"";""
"3";"management";"";""
"3";"medium";"";""
"3";"minute";"";""
"3";"miss";"";""
"3";"model";"";""
"3";"moment";"";""
"3";"mostli";"";""
"3";"mostly";"";""
"3";"mother";"";""
"3";"Motorola";"";""
"3";"moving";"";""
"3";"na";"";""
"3";"nasti";"";""
"3";"Needless";"";""
"3";"needs";"";""
"3";"negative";"";""
"3";"No";"";""
"3";"nonsens";"";""
"3";"nonsense";"";""
"3";"normal";"";""
"3";"notic";"";""
"3";"obviously";"";""
"3";"Of";"";""
"3";"OF";"";""
"3";"On";"";""
"3";"One";"";""
"3";"ones";"";""
"3";"oper";"";""
"3";"original";"";""
"3";"outlet";"";""
"3";"outsid";"";""
"3";"outside";"";""
"3";"Overall";"";""
"3";"overpriced";"";""
"3";"pack";"";""
"3";"paid";"";""
"3";"pain";"";""
"3";"palm";"";""
"3";"paper";"";""
"3";"parti";"";""
"3";"pass";"";""
"3";"passed";"";""
"3";"pho";"";""
"3";"phones";"";""
"3";"pictures";"";""
"3";"piti";"";""
"3";"pitiful";"";""
"3";"places";"";""
"3";"pleas";"";""
"3";"please";"";""
"3";"plugged";"";""
"3";"polit";"";""
"3";"premis";"";""
"3";"premise";"";""
"3";"product.,0,i";"";""
"3";"provid";"";""
"3";"puppets";"";""
"3";"purchase";"";""
"3";"rat";"";""
"3";"rated";"";""
"3";"rating";"";""
"3";"rave";"";""
"3";"reading";"";""
"3";"recommended";"";""
"3";"redeem";"";""
"3";"refus";"";""
"3";"regret";"";""
"3";"relat";"";""
"3";"remak";"";""
"3";"remake";"";""
"3";"repeat";"";""
"3";"restaurants";"";""
"3";"reviews";"";""
"3";"rip";"";""
"3";"ripped";"";""
"3";"roast";"";""
"3";"roll";"";""
"3";"running";"";""
"3";"sauce";"";""
"3";"season";"";""
"3";"seems";"";""
"3";"sense";"";""
"3";"seriou";"";""
"3";"setting";"";""
"3";"shelf";"";""
"3";"shoot";"";""
"3";"shots";"";""
"3";"Show";"";""
"3";"singl";"";""
"3";"single";"";""
"3";"sink";"";""
"3";"sitting";"";""
"3";"slightest";"";""
"3";"So";"";""
"3";"something";"";""
"3";"song";"";""
"3";"songs";"";""
"3";"stale";"";""
"3";"standard";"";""
"3";"static";"";""
"3";"stereotyp";"";""
"3";"stink";"";""
"3";"stinks";"";""
"3";"storyline";"";""
"3";"string";"";""
"3";"supposedli";"";""
"3";"supposedly";"";""
"3";"table";"";""
"3";"tasted";"";""
"3";"tasti";"";""
"3";"tasty";"";""
"3";"that's";"";""
"3";"theme";"";""
"3";"They";"";""
"3";"thinking";"";""
"3";"THIS";"";""
"3";"thrown";"";""
"3";"tick";"";""
"3";"tinni";"";""
"3";"tinny";"";""
"3";"today";"";""
"3";"told";"";""
"3";"toler";"";""
"3";"twist";"";""
"3";"ugli";"";""
"3";"unbear";"";""
"3";"unconvinc";"";""
"3";"unconvincing";"";""
"3";"unreli";"";""
"3";"upload";"";""
"3";"utterli";"";""
"3";"utterly";"";""
"3";"Vegas";"";""
"3";"veget";"";""
"3";"Verizon";"";""
"3";"verizon";"";""
"3";"villain";"";""
"3";"voic";"";""
"3";"voice";"";""
"3";"watchabl";"";""
"3";"watchable";"";""
"3";"we'll";"";""
"3";"websit";"";""
"3";"well.,0,the";"";""
"3";"weren't";"";""
"3";"werent";"";""
"3";"WHAT";"";""
"3";"What";"";""
"3";"whatev";"";""
"3";"whatever";"";""
"3";"whatsoever";"";""
"3";"window";"";""
"3";"wit";"";""
"3";"worker";"";""
"3";"working";"";""
"3";"yeah";"";""
"2";"0,again";"";""
"2";"0,almost";"";""
"2";"0,by";"";""
"2";"0,dont";"";""
"2";"0,everi";"";""
"2";"0,hi";"";""
"2";"0,how";"";""
"2";"0,lot";"";""
"2";"0,my";"";""
"2";"0,no";"";""
"2";"0,noth";"";""
"2";"0,rate";"";""
"2";"0,realli";"";""
"2";"0,whatev";"";""
"2";"0,which";"";""
"2";"0,ye";"";""
"2";"3o";"";""
"2";"40min";"";""
"2";"5-year";"";""
"2";"5year";"";""
"2";"abhor";"";""
"2";"abil";"";""
"2";"ability";"";""
"2";"abysm";"";""
"2";"abysmal";"";""
"2";"access";"";""
"2";"accident";"";""
"2";"accidentally";"";""
"2";"acknowledg";"";""
"2";"activ";"";""
"2";"add";"";""
"2";"addition";"";""
"2";"adrift";"";""
"2";"advis";"";""
"2";"advise";"";""
"2";"AFTER";"";""
"2";"afternoon";"";""
"2";"Again";"";""
"2";"age";"";""
"2";"agre";"";""
"2";"ahead";"";""
"2";"aimless";"";""
"2";"air";"";""
"2";"akin";"";""
"2";"ala";"";""
"2";"all."",0,the";"";""
"2";"alon";"";""
"2";"amateurish";"";""
"2";"ambianc";"";""
"2";"ambiance";"";""
"2";"american";"";""
"2";"amp";"";""
"2";"angl";"";""
"2";"angri";"";""
"2";"angry";"";""
"2";"Another";"";""
"2";"answer";"";""
"2";"anyone.,0,i";"";""
"2";"apolog";"";""
"2";"appar";"";""
"2";"apparently";"";""
"2";"appeal";"";""
"2";"assist";"";""
"2";"assistant";"";""
"2";"atleast";"";""
"2";"atmospher";"";""
"2";"atroci";"";""
"2";"atrocious";"";""
"2";"attack";"";""
"2";"attempts";"";""
"2";"attention";"";""
"2";"attitud";"";""
"2";"attitudes";"";""
"2";"audienc";"";""
"2";"audience";"";""
"2";"authent";"";""
"2";"authentic";"";""
"2";"author";"";""
"2";"auto";"";""
"2";"avocado";"";""
"2";"avoided";"";""
"2";"awkward";"";""
"2";"awkwardli";"";""
"2";"awkwardly";"";""
"2";"baaaaaad";"";""
"2";"background";"";""
"2";"backlight";"";""
"2";"bad.,0,the";"";""
"2";"badli";"";""
"2";"badly";"";""
"2";"bakeri";"";""
"2";"bakery";"";""
"2";"balance";"";""
"2";"ballet";"";""
"2";"bamboo";"";""
"2";"banana";"";""
"2";"band";"";""
"2";"barren";"";""
"2";"batch";"";""
"2";"Bay";"";""
"2";"bay";"";""
"2";"bean";"";""
"2";"beans";"";""
"2";"bear";"";""
"2";"became";"";""
"2";"bed";"";""
"2";"beer";"";""
"2";"bell";"";""
"2";"bend";"";""
"2";"bewar";"";""
"2";"Beware";"";""
"2";"Big";"";""
"2";"biggest";"";""
"2";"bird";"";""
"2";"bisqu";"";""
"2";"Bisque";"";""
"2";"bites";"";""
"2";"blame";"";""
"2";"bland.,0,the";"";""
"2";"blare";"";""
"2";"blatant";"";""
"2";"blew";"";""
"2";"blood";"";""
"2";"bloodi";"";""
"2";"blue";"";""
"2";"bluetoooth";"";""
"2";"Bluetooth";"";""
"2";"blush";"";""
"2";"bold";"";""
"2";"boost";"";""
"2";"boot";"";""
"2";"border";"";""
"2";"bottowm";"";""
"2";"bougth";"";""
"2";"boy";"";""
"2";"brat";"";""
"2";"brisket";"";""
"2";"broad";"";""
"2";"brother";"";""
"2";"brought";"";""
"2";"brownish";"";""
"2";"brunch";"";""
"2";"bt";"";""
"2";"BT";"";""
"2";"buck";"";""
"2";"building";"";""
"2";"built";"";""
"2";"Bullock";"";""
"2";"bullock";"";""
"2";"burgers";"";""
"2";"busy";"";""
"2";"buzz";"";""
"2";"buzzing";"";""
"2";"By";"";""
"2";"cafe";"";""
"2";"calamari";"";""
"2";"calendar";"";""
"2";"camp";"";""
"2";"cartoon";"";""
"2";"cash";"";""
"2";"cashew";"";""
"2";"cashier";"";""
"2";"catch";"";""
"2";"caterpillar";"";""
"2";"caused";"";""
"2";"celluloid";"";""
"2";"central";"";""
"2";"chalkboard";"";""
"2";"change";"";""
"2";"char";"";""
"2";"charged";"";""
"2";"chargers";"";""
"2";"charisma";"";""
"2";"cheapli";"";""
"2";"cheaply";"";""
"2";"cheerless";"";""
"2";"cheesy";"";""
"2";"chemistri";"";""
"2";"chemistry";"";""
"2";"chewi";"";""
"2";"childhood";"";""
"2";"chilli";"";""
"2";"chilly";"";""
"2";"cingulair";"";""
"2";"Cingular";"";""
"2";"class";"";""
"2";"club";"";""
"2";"clue";"";""
"2";"coaster";"";""
"2";"coconut";"";""
"2";"coffe";"";""
"2";"collect";"";""
"2";"combo";"";""
"2";"comedi";"";""
"2";"comedy";"";""
"2";"comment";"";""
"2";"commerci";"";""
"2";"common";"";""
"2";"commun";"";""
"2";"compet";"";""
"2";"concern";"";""
"2";"concert";"";""
"2";"confirm";"";""
"2";"confus";"";""
"2";"connoisseur";"";""
"2";"consist";"";""
"2";"consistent";"";""
"2";"constant";"";""
"2";"consum";"";""
"2";"consumer";"";""
"2";"contained";"";""
"2";"continuity";"";""
"2";"control";"";""
"2";"contstruct";"";""
"2";"convey";"";""
"2";"convinc";"";""
"2";"count";"";""
"2";"counter";"";""
"2";"cow";"";""
"2";"crack";"";""
"2";"cradl";"";""
"2";"crawl";"";""
"2";"cream";"";""
"2";"created";"";""
"2";"credit";"";""
"2";"crew";"";""
"2";"crust";"";""
"2";"cult";"";""
"2";"Customer";"";""
"2";"customers";"";""
"2";"cuts";"";""
"2";"danc";"";""
"2";"darn";"";""
"2";"date";"";""
"2";"decid";"";""
"2";"decis";"";""
"2";"dedic";"";""
"2";"defensemen";"";""
"2";"delay";"";""
"2";"depend";"";""
"2";"depress";"";""
"2";"depressing";"";""
"2";"description";"";""
"2";"deserves";"";""
"2";"despit";"";""
"2";"despite";"";""
"2";"dessert";"";""
"2";"destroy";"";""
"2";"device";"";""
"2";"diaper";"";""
"2";"dime";"";""
"2";"din";"";""
"2";"dirt";"";""
"2";"disast";"";""
"2";"disaster";"";""
"2";"dislike";"";""
"2";"disliked";"";""
"2";"disrespect";"";""
"2";"dissapoint";"";""
"2";"distract";"";""
"2";"dit";"";""
"2";"documentari";"";""
"2";"documentary";"";""
"2";"doing";"";""
"2";"dollars";"";""
"2";"doubl";"";""
"2";"double";"";""
"2";"douchey";"";""
"2";"downright";"";""
"2";"downtown";"";""
"2";"dozen";"";""
"2";"draft";"";""
"2";"drawback";"";""
"2";"dress";"";""
"2";"driest";"";""
"2";"drivng";"";""
"2";"drops";"";""
"2";"drunk";"";""
"2";"due";"";""
"2";"dustpan";"";""
"2";"DVD";"";""
"2";"dvd";"";""
"2";"earlier";"";""
"2";"earpad";"";""
"2";"easily";"";""
"2";"echo";"";""
"2";"eel";"";""
"2";"either."",0,the";"";""
"2";"element";"";""
"2";"emperor";"";""
"2";"employe";"";""
"2";"ending";"";""
"2";"english";"";""
"2";"English";"";""
"2";"enter";"";""
"2";"entirely";"";""
"2";"episod";"";""
"2";"episode";"";""
"2";"establishment";"";""
"2";"Every";"";""
"2";"everywher";"";""
"2";"everywhere";"";""
"2";"excess";"";""
"2";"exchang";"";""
"2";"excuse";"";""
"2";"experienced";"";""
"2";"expert";"";""
"2";"explan";"";""
"2";"explanation";"";""
"2";"exploit";"";""
"2";"extant";"";""
"2";"eye";"";""
"2";"eyes";"";""
"2";"facial";"";""
"2";"failed";"";""
"2";"fair";"";""
"2";"falling";"";""
"2";"falls";"";""
"2";"famili";"";""
"2";"familiar";"";""
"2";"family";"";""
"2";"faster";"";""
"2";"father";"";""
"2";"fee";"";""
"2";"feels";"";""
"2";"feet";"";""
"2";"fell";"";""
"2";"fella";"";""
"2";"fellow";"";""
"2";"fest";"";""
"2";"figur";"";""
"2";"Filet";"";""
"2";"filet";"";""
"2";"fine";"";""
"2";"First";"";""
"2";"fishnet";"";""
"2";"fit.,0,do";"";""
"2";"flash";"";""
"2";"flimsi";"";""
"2";"flimsy";"";""
"2";"fliptop";"";""
"2";"flop";"";""
"2";"flush";"";""
"2";"focused";"";""
"2";"fodder";"";""
"2";"fond";"";""
"2";"food."",0,i";"";""
"2";"food.,0,i";"";""
"2";"food.,0,thi";"";""
"2";"foolish";"";""
"2";"FOREVER";"";""
"2";"forever";"";""
"2";"forgetting";"";""
"2";"form";"";""
"2";"format";"";""
"2";"former";"";""
"2";"forward";"";""
"2";"four";"";""
"2";"fourth";"";""
"2";"fox";"";""
"2";"freeway";"";""
"2";"friends";"";""
"2";"frighten";"";""
"2";"frightening";"";""
"2";"ft";"";""
"2";"fulli";"";""
"2";"fully";"";""
"2";"fun";"";""
"2";"function";"";""
"2";"fx";"";""
"2";"ga";"";""
"2";"gain";"";""
"2";"gallon";"";""
"2";"games";"";""
"2";"garden";"";""
"2";"garlic";"";""
"2";"geek";"";""
"2";"giallo";"";""
"2";"gibberish";"";""
"2";"gimmick";"";""
"2";"giving";"";""
"2";"glass";"";""
"2";"gore";"";""
"2";"gosh";"";""
"2";"grab";"";""
"2";"greas";"";""
"2";"grease";"";""
"2";"grossed";"";""
"2";"ground";"";""
"2";"grow";"";""
"2";"grtting";"";""
"2";"guest";"";""
"2";"guests";"";""
"2";"guys";"";""
"2";"hadn't";"";""
"2";"hadnt";"";""
"2";"halfway";"";""
"2";"ham";"";""
"2";"handled";"";""
"2";"hands";"";""
"2";"hang";"";""
"2";"happi";"";""
"2";"hated";"";""
"2";"haven't";"";""
"2";"havent";"";""
"2";"heist";"";""
"2";"hellish";"";""
"2";"hello";"";""
"2";"Her";"";""
"2";"hide";"";""
"2";"highli";"";""
"2";"highly";"";""
"2";"hockey";"";""
"2";"honor";"";""
"2";"hopeless";"";""
"2";"horrend";"";""
"2";"horrid";"";""
"2";"hostess";"";""
"2";"How";"";""
"2";"however";"";""
"2";"hummh";"";""
"2";"humor";"";""
"2";"hype";"";""
"2";"ice";"";""
"2";"ignor";"";""
"2";"immediately";"";""
"2";"implaus";"";""
"2";"implausible";"";""
"2";"imposs";"";""
"2";"impossible";"";""
"2";"impressed.,0,i";"";""
"2";"impressive";"";""
"2";"industri";"";""
"2";"inform";"";""
"2";"infra";"";""
"2";"insert";"";""
"2";"insipid";"";""
"2";"inspir";"";""
"2";"insulin";"";""
"2";"insulted";"";""
"2";"intelligent";"";""
"2";"interested";"";""
"2";"iq";"";""
"2";"is.,0,it";"";""
"2";"it."",0,if";"";""
"2";"it.,0,dont";"";""
"2";"jack";"";""
"2";"jerk";"";""
"2";"jerki";"";""
"2";"jerky";"";""
"2";"jet";"";""
"2";"joe";"";""
"2";"Joe's";"";""
"2";"judge";"";""
"2";"judo";"";""
"2";"Just";"";""
"2";"kid's";"";""
"2";"killing";"";""
"2";"la";"";""
"2";"lacking.,0,the";"";""
"2";"ladi";"";""
"2";"Lane";"";""
"2";"lane";"";""
"2";"large";"";""
"2";"lasting";"";""
"2";"latch";"";""
"2";"late";"";""
"2";"law";"";""
"2";"lazi";"";""
"2";"lazy";"";""
"2";"leaf";"";""
"2";"leg";"";""
"2";"legs";"";""
"2";"lesson";"";""
"2";"letdown";"";""
"2";"lg";"";""
"2";"lightweight";"";""
"2";"limit";"";""
"2";"limited";"";""
"2";"listen";"";""
"2";"living";"";""
"2";"Lobster";"";""
"2";"logic";"";""
"2";"Long";"";""
"2";"losing";"";""
"2";"lousi";"";""
"2";"lousy";"";""
"2";"loyal";"";""
"2";"mac";"";""
"2";"machin";"";""
"2";"machine";"";""
"2";"mail";"";""
"2";"mainli";"";""
"2";"mainly";"";""
"2";"male";"";""
"2";"mall";"";""
"2";"manager";"";""
"2";"manual";"";""
"2";"market";"";""
"2";"martini";"";""
"2";"master";"";""
"2";"materi";"";""
"2";"material";"";""
"2";"max";"";""
"2";"mayb";"";""
"2";"meals";"";""
"2";"meaning";"";""
"2";"meant";"";""
"2";"meh";"";""
"2";"melodrama";"";""
"2";"memori";"";""
"2";"merci";"";""
"2";"mercy";"";""
"2";"mere";"";""
"2";"merit";"";""
"2";"messag";"";""
"2";"metal";"";""
"2";"mic";"";""
"2";"microphon";"";""
"2";"microphone";"";""
"2";"microsoft";"";""
"2";"mile";"";""
"2";"minor";"";""
"2";"miser";"";""
"2";"missed";"";""
"2";"mode";"";""
"2";"mollusk";"";""
"2";"mom";"";""
"2";"momentum";"";""
"2";"monster";"";""
"2";"more.,0,i";"";""
"2";"mountain";"";""
"2";"mouth";"";""
"2";"mp3";"";""
"2";"muffin";"";""
"2";"multipl";"";""
"2";"multiple";"";""
"2";"murder";"";""
"2";"name";"";""
"2";"nano";"";""
"2";"narr";"";""
"2";"narrative";"";""
"2";"near";"";""
"2";"nearli";"";""
"2";"nearly";"";""
"2";"neat";"";""
"2";"neighborhood";"";""
"2";"net";"";""
"2";"nicer";"";""
"2";"nobodi";"";""
"2";"nobody";"";""
"2";"noir";"";""
"2";"nor";"";""
"2";"noticed";"";""
"2";"nude";"";""
"2";"numbers";"";""
"2";"occupi";"";""
"2";"occupied";"";""
"2";"occur";"";""
"2";"off.,0,i";"";""
"2";"offend";"";""
"2";"offens";"";""
"2";"offensive";"";""
"2";"Only";"";""
"2";"opened";"";""
"2";"option";"";""
"2";"Oscar";"";""
"2";"oscar";"";""
"2";"others";"";""
"2";"outta";"";""
"2";"overact";"";""
"2";"overacting";"";""
"2";"overcook";"";""
"2";"overrid";"";""
"2";"override";"";""
"2";"overt";"";""
"2";"overwrought";"";""
"2";"painful";"";""
"2";"pale";"";""
"2";"Palm";"";""
"2";"pan";"";""
"2";"pap";"";""
"2";"particularli";"";""
"2";"particularly";"";""
"2";"past";"";""
"2";"Paul";"";""
"2";"paul";"";""
"2";"performances";"";""
"2";"perhap";"";""
"2";"Perhaps";"";""
"2";"perhaps";"";""
"2";"PG-13";"";""
"2";"pg13";"";""
"2";"PHONE";"";""
"2";"phone's";"";""
"2";"phone.,0,the";"";""
"2";"photo";"";""
"2";"PIECE";"";""
"2";"pillow";"";""
"2";"place.,0,i";"";""
"2";"placed";"";""
"2";"playing";"";""
"2";"pleather";"";""
"2";"pm";"";""
"2";"pocket";"";""
"2";"pop";"";""
"2";"popcorn";"";""
"2";"port";"";""
"2";"portion";"";""
"2";"portions";"";""
"2";"power";"";""
"2";"practic";"";""
"2";"predictably";"";""
"2";"prepar";"";""
"2";"present";"";""
"2";"pretext";"";""
"2";"previou";"";""
"2";"previous";"";""
"2";"primal";"";""
"2";"prime";"";""
"2";"procedur";"";""
"2";"proceed";"";""
"2";"proceedings";"";""
"2";"produce";"";""
"2";"product.,0,dont";"";""
"2";"production";"";""
"2";"professor";"";""
"2";"profound";"";""
"2";"promis";"";""
"2";"propaganda";"";""
"2";"properli";"";""
"2";"proud";"";""
"2";"provided";"";""
"2";"pub";"";""
"2";"public";"";""
"2";"puff";"";""
"2";"pulled";"";""
"2";"punch";"";""
"2";"punish";"";""
"2";"putting";"";""
"2";"pyromaniac";"";""
"2";"q";"";""
"2";"Quality";"";""
"2";"quality.,0,poor";"";""
"2";"quick";"";""
"2";"quicker";"";""
"2";"quickli";"";""
"2";"race";"";""
"2";"racism";"";""
"2";"ranch";"";""
"2";"rarely";"";""
"2";"ratio";"";""
"2";"razr";"";""
"2";"reach";"";""
"2";"readi";"";""
"2";"ready";"";""
"2";"REALLY";"";""
"2";"receipt";"";""
"2";"receive";"";""
"2";"receiving";"";""
"2";"recharg";"";""
"2";"recharge";"";""
"2";"redeeming";"";""
"2";"refil";"";""
"2";"refill";"";""
"2";"refurb";"";""
"2";"refused";"";""
"2";"releas";"";""
"2";"relief";"";""
"2";"rememb";"";""
"2";"remember";"";""
"2";"remot";"";""
"2";"remotely";"";""
"2";"replacement";"";""
"2";"replacementr";"";""
"2";"resolut";"";""
"2";"restaraunt";"";""
"2";"restart";"";""
"2";"results";"";""
"2";"return.,0,i";"";""
"2";"returning";"";""
"2";"reviewer";"";""
"2";"ringing";"";""
"2";"rise";"";""
"2";"risk";"";""
"2";"rolls";"";""
"2";"rough";"";""
"2";"round";"";""
"2";"rubber";"";""
"2";"rubbish";"";""
"2";"rude.,0,the";"";""
"2";"s";"";""
"2";"sack";"";""
"2";"salmon";"";""
"2";"sand";"";""
"2";"Sandra";"";""
"2";"sandra";"";""
"2";"sangria";"";""
"2";"sat";"";""
"2";"scale";"";""
"2";"scallop";"";""
"2";"scare";"";""
"2";"scared";"";""
"2";"scari";"";""
"2";"school";"";""
"2";"seafood";"";""
"2";"seated";"";""
"2";"seeing";"";""
"2";"select";"";""
"2";"selection";"";""
"2";"self";"";""
"2";"semi";"";""
"2";"sending";"";""
"2";"sensor";"";""
"2";"sequel";"";""
"2";"sequenc";"";""
"2";"Service";"";""
"2";"service.,0,sprint";"";""
"2";"service.,0,the";"";""
"2";"sets";"";""
"2";"shall";"";""
"2";"shallow";"";""
"2";"shed";"";""
"2";"sheer";"";""
"2";"shell";"";""
"2";"shoe";"";""
"2";"shortlist";"";""
"2";"shouldn't";"";""
"2";"shouldnt";"";""
"2";"similar";"";""
"2";"simpl";"";""
"2";"sing";"";""
"2";"singing";"";""
"2";"site";"";""
"2";"size";"";""
"2";"smart";"";""
"2";"smells";"";""
"2";"smile";"";""
"2";"snug";"";""
"2";"soap";"";""
"2";"soggi";"";""
"2";"solid";"";""
"2";"somewhat";"";""
"2";"son";"";""
"2";"soooooo";"";""
"2";"sore";"";""
"2";"sorri";"";""
"2";"sorry";"";""
"2";"sort";"";""
"2";"soundtrack";"";""
"2";"spaghetti";"";""
"2";"speaker";"";""
"2";"speed";"";""
"2";"spew";"";""
"2";"spici";"";""
"2";"spicy";"";""
"2";"spinach";"";""
"2";"stage";"";""
"2";"stagey";"";""
"2";"stanwyck";"";""
"2";"starter";"";""
"2";"state";"";""
"2";"stated";"";""
"2";"station";"";""
"2";"stayed";"";""
"2";"steep";"";""
"2";"step";"";""
"2";"stereotypes";"";""
"2";"stinker";"";""
"2";"stir";"";""
"2";"stoic";"";""
"2";"strang";"";""
"2";"stress";"";""
"2";"stretch";"";""
"2";"strident";"";""
"2";"struck";"";""
"2";"studio";"";""
"2";"stuff";"";""
"2";"styrofoam";"";""
"2";"sub";"";""
"2";"sub-par";"";""
"2";"subpar";"";""
"2";"sucker";"";""
"2";"suffer";"";""
"2";"sugari";"";""
"2";"sugary";"";""
"2";"suggest";"";""
"2";"sunglass";"";""
"2";"suppos";"";""
"2";"supposed";"";""
"2";"surf";"";""
"2";"surpris";"";""
"2";"sweep";"";""
"2";"sweet";"";""
"2";"swung";"";""
"2";"taco";"";""
"2";"takes";"";""
"2";"talking";"";""
"2";"tap";"";""
"2";"tape";"";""
"2";"taylor";"";""
"2";"tedium";"";""
"2";"teen";"";""
"2";"teeth";"";""
"2";"tepid";"";""
"2";"terrible.,0,the";"";""
"2";"terribly";"";""
"2";"text";"";""
"2";"textur";"";""
"2";"texture";"";""
"2";"Thai";"";""
"2";"thai";"";""
"2";"THAT";"";""
"2";"That";"";""
"2";"thats";"";""
"2";"THE";"";""
"2";"theater";"";""
"2";"themselv";"";""
"2";"themselves";"";""
"2";"thick";"";""
"2";"thorn";"";""
"2";"thousand";"";""
"2";"thread";"";""
"2";"thru";"";""
"2";"thug";"";""
"2";"thumper";"";""
"2";"tmobil";"";""
"2";"tomato";"";""
"2";"tones";"";""
"2";"tool";"";""
"2";"tooth";"";""
"2";"tough";"";""
"2";"trailer";"";""
"2";"translat";"";""
"2";"trap";"";""
"2";"treat";"";""
"2";"treated";"";""
"2";"treo";"";""
"2";"tries";"";""
"2";"troubl";"";""
"2";"trouble";"";""
"2";"truck";"";""
"2";"truli";"";""
"2";"truly";"";""
"2";"trust";"";""
"2";"tuna";"";""
"2";"turkey";"";""
"2";"turns";"";""
"2";"tv";"";""
"2";"TV";"";""
"2";"um";"";""
"2";"unaccept";"";""
"2";"unbearable";"";""
"2";"uncomfort";"";""
"2";"uncomfortable";"";""
"2";"undercook";"";""
"2";"underneath";"";""
"2";"underwhelm";"";""
"2";"underwhelming";"";""
"2";"unfunni";"";""
"2";"unhappi";"";""
"2";"unhappy";"";""
"2";"uninterest";"";""
"2";"uninteresting";"";""
"2";"unreliable";"";""
"2";"unsatisfactori";"";""
"2";"until";"";""
"2";"unus";"";""
"2";"unusable";"";""
"2";"upgrad";"";""
"2";"usual";"";""
"2";"utter";"";""
"2";"vacant";"";""
"2";"valley";"";""
"2";"Valley";"";""
"2";"value";"";""
"2";"values";"";""
"2";"veal";"";""
"2";"vegetables";"";""
"2";"vehicl";"";""
"2";"vibe";"";""
"2";"vomited";"";""
"2";"waaay";"";""
"2";"wake";"";""
"2";"wants";"";""
"2";"warmth";"";""
"2";"warranti";"";""
"2";"warranty";"";""
"2";"wayyy";"";""
"2";"We";"";""
"2";"we're";"";""
"2";"wearing";"";""
"2";"website";"";""
"2";"wed";"";""
"2";"weekend";"";""
"2";"weeks";"";""
"2";"whatsoever.,0,the";"";""
"2";"whini";"";""
"2";"whiny";"";""
"2";"wide";"";""
"2";"wind";"";""
"2";"wing";"";""
"2";"wings";"";""
"2";"wired";"";""
"2";"wireless";"";""
"2";"woman";"";""
"2";"women";"";""
"2";"worri";"";""
"2";"Worse";"";""
"2";"would've";"";""
"2";"wouldv";"";""
"2";"wound";"";""
"2";"wrap";"";""
"2";"written";"";""
"2";"yawn";"";""
"2";"yay";"";""
"2";"Yeah";"";""
"2";"yell";"";""
"2";"Yes";"";""
"2";"You";"";""
"2";"you!"",0,if";"";""
"2";"you're";"";""
"2";"young";"";""
"2";"zillion";"";""
"1";"0,imdb";"";""
"1";"0,these";"";""
"1";"131,There";"";""
"1";"135,I";"";""
"1";"136,I";"";""
"1";"141,All";"";""
"1";"146,The";"";""
"1";"149,The";"";""
"1";"2000,So";"";""
"1";"2003,Tied";"";""
"1";"2005,I";"";""
"1";"2009,What";"";""
"1";"2012,If";"";""
"1";"2016,I";"";""
"1";"2019,It";"";""
"1";"2022,The";"";""
"1";"2041,I";"";""
"1";"2043,I";"";""
"1";"2050,Not";"";""
"1";"2056,VERY";"";""
"1";"2059,The";"";""
"1";"2060,Essentially";"";""
"1";"2063,Buy";"";""
"1";"2064,You";"";""
"1";"2065,The";"";""
"1";"2070,Mic";"";""
"1";"2076,Do";"";""
"1";"2079,I";"";""
"1";"2081,Not";"";""
"1";"2083,The";"";""
"1";"2087,The";"";""
"1";"2093,The";"";""
"1";"2094,Dont";"";""
"1";"2096,If";"";""
"1";"2097,I";"";""
"1";"2099,I'm";"";""
"1";"2104,I";"";""
"1";"2969,I'm";"";""
"1";"2970,I";"";""
"1";"2972,Earbud";"";""
"1";"2973,Lousy";"";""
"1";"2974,This";"";""
"1";"2979,Not";"";""
"1";"2980,Echo";"";""
"1";"2981,you";"";""
"1";"2982,don't";"";""
"1";"2986,You";"";""
"1";"2987,Phone";"";""
"1";"2989,The";"";""
"1";"activated";"";""
"1";"advertis";"";""
"1";"advertised";"";""
"1";"again."",0,i";"";""
"1";"agreed";"";""
"1";"aired";"";""
"1";"angle";"";""
"1";"assum";"";""
"1";"audio.,0,i";"";""
"1";"bargain";"";""
"1";"bargain.,0,not";"";""
"1";"battery.,0,disappoint";"";""
"1";"BE";"";""
"1";"Best";"";""
"1";"big.,0,i";"";""
"1";"bmw";"";""
"1";"BMW";"";""
"1";"bud";"";""
"1";"buds";"";""
"1";"Buy";"";""
"1";"Buyer";"";""
"1";"case)."",0,that";"";""
"1";"cases";"";""
"1";"charger.,0,i";"";""
"1";"clearly.,0,you";"";""
"1";"click";"";""
"1";"clicks";"";""
"1";"commercials";"";""
"1";"confuses";"";""
"1";"construction";"";""
"1";"contacts";"";""
"1";"convert";"";""
"1";"converter.,0,so";"";""
"1";"correctli";"";""
"1";"correctly";"";""
"1";"covered.,0,you";"";""
"1";"cri";"";""
"1";"cry";"";""
"1";"d807";"";""
"1";"D807.,0,do";"";""
"1";"D807...wrongly";"";""
"1";"d807wrongli";"";""
"1";"decision.,0,im";"";""
"1";"died."",0,a";"";""
"1";"directions";"";""
"1";"DISAPPOINTED.,0,veri";"";""
"1";"does."",0,for";"";""
"1";"Doesn't";"";""
"1";"dribbl";"";""
"1";"dribble";"";""
"1";"drifting";"";""
"1";"eas";"";""
"1";"ease";"";""
"1";"easily.,0,earbud";"";""
"1";"easily.,0,phone";"";""
"1";"EVERYONE";"";""
"1";"excessive";"";""
"1";"excruciatingli";"";""
"1";"excruciatingly";"";""
"1";"expectations";"";""
"1";"followed";"";""
"1";"following";"";""
"1";"fool";"";""
"1";"FOOLED!,0,i";"";""
"1";"Friends";"";""
"1";"garbl";"";""
"1";"garbled";"";""
"1";"greater";"";""
"1";"headset.,0,if";"";""
"1";"hearing";"";""
"1";"hundr";"";""
"1";"hundred";"";""
"1";"I.Q";"";""
"1";"imag";"";""
"1";"images";"";""
"1";"IMDB";"";""
"1";"ineptli";"";""
"1";"it.,0,if";"";""
"1";"jiggl";"";""
"1";"jiggle";"";""
"1";"knock";"";""
"1";"last.,0,it";"";""
"1";"lens";"";""
"1";"lense";"";""
"1";"mechan";"";""
"1";"mechanism";"";""
"1";"megapixel";"";""
"1";"megapixels";"";""
"1";"Microsoft's";"";""
"1";"minutes.MAJOR";"";""
"1";"minutesmajor";"";""
"1";"mistake."",0,there";"";""
"1";"moments";"";""
"1";"money."",0,needless";"";""
"1";"money.,0,dont";"";""
"1";"money...,0,dont";"";""
"1";"Motorola's";"";""
"1";"MP3";"";""
"1";"MST3K";"";""
"1";"notice";"";""
"1";"one."",0,if";"";""
"1";"party";"";""
"1";"paus";"";""
"1";"pause";"";""
"1";"phone.,0,thi";"";""
"1";"poor.,0,the";"";""
"1";"poor.,0,you";"";""
"1";"Problem....Very";"";""
"1";"PROBLEMS!!,0,tie";"";""
"1";"problemveri";"";""
"1";"product.,0,lousi";"";""
"1";"purchased";"";""
"1";"quickly.,0,the";"";""
"1";"ratings";"";""
"1";"redeemed";"";""
"1";"refund.,0,im";"";""
"1";"rel";"";""
"1";"relate";"";""
"1";"relatively";"";""
"1";"render";"";""
"1";"renders";"";""
"1";"repeated";"";""
"1";"resolution."",0,the";"";""
"1";"restock";"";""
"1";"RETURNED";"";""
"1";"runs";"";""
"1";"saying."",0,even";"";""
"1";"schooler";"";""
"1";"schoolers";"";""
"1";"seconds.,0,the";"";""
"1";"seper";"";""
"1";"seperated";"";""
"1";"should.,0,not";"";""
"1";"slowmov";"";""
"1";"suddenli";"";""
"1";"suddenly";"";""
"1";"support.,0,essenti";"";""
"1";"talk."",0,it";"";""
"1";"That's";"";""
"1";"this.,0,buy";"";""
"1";"time!.,0,what";"";""
"1";"toilet";"";""
"1";"toilet."",0,buyer";"";""
"1";"underwat";"";""
"1";"underwater";"";""
"1";"unsatisfactory,0,echo";"";""
"1";"US";"";""
"1";"use."",0,thi";"";""
"1";"videos";"";""
"1";"volume.,0,i";"";""
"1";"volume.,0,not";"";""
"1";"Wedding";"";""
"1";"wifetob";"";""
"1";"work.,0,mic";"";""
"1";"worked.,0,i";"";""
"1";"working!!!!!!!!!,0,i";"";""
